introl,content,createdat,title
Trong khi bên đường nhiều ô tô phải chờ cứu hộ thì chiếc ô tô điện Vinfast VF e34 vẫn lội nước băng qua đoạn ngập tràn tới nắp ca-po mà không gặp phải vấn đề gì.,Trong khi bên đường nhiều ,,Video: VinFast VF e34 lội nước băng băng trước sự ngơ ngác của những chiếc xe đang chờ cứu hộ
"Trong tháng 3, khách mua Honda CRV tại Hà Nội có thể được hưởng ưu đãi kép lên đến 250 triệu đồng thông qua chính sách của đại lý và quà tặng kèm.","Trong tháng 3, khách mua ",,Bạn sẽ tiết kiệm ngay 250 triệu khi mua Honda CR-V trong tháng 3
"Chiếc xe SUV ""hàng hot"" Toyota Land Cruiser thế hệ mới này được sản xuất năm 2021, rao bán trên sàn xe cũ Hà Nội với giá đắt hơn xe mới dù chạy được hơn 1,3 vạn km.",Chiếc xe ,,Hà Nội: Toyota Land Cruiser LC300 chạy chán bán vẫn đắt hơn xe mới
"Do khan hàng, các đại lý đang bán Hyundai SantaFe chênh giá niêm yết lên đến cả 80 triệu đồng. Nhiều nơi không nhận cọc do sợ không kịp giao xe.","Do khan hàng, các đại lý đang bán ",,"Mua xe “chạy” phí trước bạ, Hyundai SantaFe chênh giá cả 80 triệu"
"Xế hộp màu đen khiến người dùng e ngại nhưng tạo nên sự huyền bí, mạnh mẽ cho chủ sở hữu đặc biệt là phái mạnh.","Xế hộp màu đen khiến người dùng e ngại nhưng tạo nên sự huyền bí, mạnh mẽ cho chủ sở hữu đặc biệt là phái mạnh.",,Điểm danh 5 mẫu xế hộp màu đen huyền bí dành cho phái mạnh
"Ngày 19/5 lực lượng chức năng kiểm tra một kho hàng thuộc khu vực biên giới huyện An Phú, An Giang phát hiện và tạm giữ chiếc Lexus RX350 biển kiểm soát nước ngoài.","Ngày 19/5 lực lượng chức năng kiểm tra một kho hàng thuộc khu vực biên giới huyện An Phú, An Giang phát hiện và tạm giữ chiếc ",,"Lexus RX350 bị tạm giữ nghi vấn nhập lậu, có giá hơn 3 tỷ"
"Dạo quanh một vòng thị trường xe cũ hiện nay, không khó để bắt gặp những chiếc VinFast Lux SA2.0 lướt rao bán với giá hấp dẫn nhưng VinFast Lux SA2.0 này rẻ hơn khá nhiều so với xe mới ở thời điểm hiện tại.","Dạo quanh một vòng thị trường xe cũ hiện nay, không khó để bắt gặp những chiếc ",,"VinFast Lux SA2.0 siêu lướt, biển đẹp lên sàn xe cũ với giá khó tin"
Những phát minh này ra đời đã giúp ngành công nghiệp xe hơi thay đổi mạnh mẽ và có những chiếc ô tô hiện đại như ngày nay.,Những phát minh này ra đời đã giúp ngành công nghiệp xe hơi thay đổi mạnh mẽ và có những chiếc ,,Top 10 phát minh có tính bước ngoặt tới ngành công nghiệp xe hơi thế giới
"Giá xăng tăng kỷ lục, một số chủ xe sẽ ""đau ví"" vì dung tích bình xăng và lượng xăng tiêu thụ khá lớn. Những mẫu xe ""ăn xăng"" dưới đây cũng sẽ có chi phí đổ xăng tăng đáng kể.","Giá xăng tăng kỷ lục, một số chủ xe sẽ “đau ví” vì dung tích bình xăng và lượng xăng tiêu thụ khá lớn. Những mẫu xe “ăn xăng” dưới đây cũng sẽ có chi phí đổ xăng tăng đáng kể.",,"Giá xăng tăng, đại gia Việt cần bao nhiêu để “đầy bình” những chiếc SUV, siêu xe khủng?"
"Thời gian qua, rất nhiều trường hợp xe ô tô đỗ ven đường bị các đối tượng xấu phá hoại gây thiệt hại lớn cho chủ phương tiện.","Thời gian qua, rất nhiều trường hợp xe ",,Người cố tình phá hoại xe ô tô đỗ ven đường có thể bị “bóc lịch” như chơi
" VinFast VF e34 độ khiến người ta làm tưởng tới các mẫu xe Lamborghini đầy uy lực, mạnh mẽ.", ,,Chủ xe VinFast VF e34 độ nhẹ nhàng nhưng vẫn được CĐM tấm tắc khen đẹp
"Một xưởng độ xe tại Hà Nội vừa hoàn thiện một chiếc VinFast Fadil đặc biệt độ tới 20 chi tiết, nâng cấp từ trong ra ngoài.",Một xưởng độ xe tại Hà Nội vừa hoàn thiện một chiếc ,,"Chủ xe VinFast Fadil độ 20 chi tiết cực sang chảnh tặng vợ, chi phí gần bằng tiền mua xe"
Mercedes-AMG G 63 được hãng độ Brabus biến hình thành một chiếc siêu bán tải mang tên 900 XLP One of Ten - mạnh 900PS và chỉ được sản xuất với số lượng 10 chiếc.,Mercedes-AMG G63,,"Mercedes-AMG G63 độ thành siêu bán tải “cực độc”, chỉ 10 chiếc mạnh ngang hypercar"
"Chủ xe VinFast Fadil tiết lộ 4 lý do bỏ qua i10, Morning: ""Không bóng bẩy nhưng sử dụng mới thấy nhiều thứ vượt trội"".",Chủ xe ,,"4 lý do bỏ qua i10, Morning để sử dụng VinFast Fadil"
"Chiếc bán tải Ram 1500 TRX sau khi độ mang vẻ đẹp mạnh mẽ, dữ dằn khiến cho nhiều người phải ngước nhìn.",Chiếc bán tải ,,Diện kiến “quái vật 6 bánh” Ram 1500 TRX độ khủng với chi phí hơn 10 tỷ đồng
Hình ảnh chiếc xe siêu sang Lexus LX570 đắt tiền với phần băng keo đen dán vào biển số đã gây ra nhiều tranh cãi trong cộng đồng mạng những ngày qua.,Hình ảnh chiếc xe siêu sang ,,Chủ xe Lexus LX570 gây phẫn nộ với hành động dán băng dính che biển số
"Toyota Avanza Premio không thể dùng giá bán để cạnh tranh để đấu với Suzuki Ertiga, thay vào đó là điểm mạnh về thiết kế và trang bị an toàn.",Toyota,,Toyota Avanza Premio có gì đặc biệt để “diệt” Suzuki Ertiga?
"Sau 1 tháng sử dụng VinFast VF e34, một người dùng đã tổng kết kinh phí sử dụng sau 1 tháng khiến cộng đồng mạng chú ý.",Sau 1 tháng sử dụng ,,"Người dùng tổng kết sau 1 tháng sử dụng VinFast VF e34, CĐM thốt lên: “Chạy taxi lãi to”"
"Bên cạnh những gian trưng bày quen thuộc của Ford, Toyota hay Kia, triển lãm Los Angeles Auto Show 2021 còn có những thương hiệu mới như VinFast đến từ Việt Nam.",Bên cạnh những gian trưng bày quen thuộc của ,,Các mẫu xe ấn tượng nhất Los Angeles Auto Show 2021: Việt Nam sánh vai cường quốc!
"Nam thanh niên khoe tự sơn quây chiếc Hyundai Grand i10 bằng bình xịt cầm tay, chỉ tốn 350 ngàn tiền vật liệu, tiết kiệm tới 8 triệu đồng nếu ra gara.",Nam thanh niên khoe tự sơn ,,"Tiết kiệm 8 triệu, thanh niên khoe tự sơn ô tô hết 350 ngàn, gara lắc đầu"
"Sau Los Angeles Auto Show 2021, VinFast sẽ tiếp tục tham dự một triển lãm quy mô lớn và có tầm ảnh hưởng trong lĩnh vực công nghệ vào năm 2022, hứa hẹn một năm mới với những bước tiến mới.",Sau ,,"VinFast sẽ tham dự triển lãm điện tử lớn nhất thế giới, tham chiến với 5 mẫu xe mới ở tất cả phân khúc"
"Ngày 19/5, VinFast công bố ký kết hợp tác Ngân hàng FCA - nhà cung cấp dịch vụ tài chính hàng đầu trong lĩnh vực ô tô ở châu Âu, mang đến những giải pháp thuê xe linh hoạt.","Ngày 19/5, ",,VinFast: Công bố giải pháp tài chính cho thuê xe VF 8 và VF 9 tại châu Âu
Theo thống kê sơ bộ của Tổng cục Hải quan cho thấy lượng ô tô nhập khẩu nguyên chiếc về Việt Nam tăng trở lại.,Theo thống kê sơ bộ của Tổng cục Hải quan cho thấy lượng ,,"Sắp hết giảm lệ phí trước bạ, xe nhập khẩu ồ ạt về Việt Nam"
"Năm nào cũng vậy, càng gần Tết nhu cầu mua xe ô tô càng tăng, các đại lý được dịp làm mình làm mẩy, đẩy giá xe ô tô tăng thêm hàng chục triệu đồng, bán 'kèm lạc' nếu khách hàng muốn lấy xe trước Tết.","Năm nào cũng vậy, càng gần Tết nhu cầu mua xe ",,"Chuyện lấy xe trước Tết: Khách lăn ra “ăn vạ” trước showroom ô tô, sale trở mặt, đòi tiền chênh mới giao xe"
"Với quyết định đặt 100 chiếc xe gồm cả VinFast VF6, VF7, VF8 và VF9, Artemis DNA đã trở thành khách hàng doanh nghiệp đầu tiên của VinFast tại Mỹ tính đến thời điểm hiện tại.",Với quyết định đặt 100 chiếc xe gồm cả ,,"Một công ty Mỹ chơi lớn đặt hẳn 100 chiếc VinFast VF6, VF7, VF8 và VF9 ngay sau triển lãm CES 2022"
Để có thể khám phá được hết vẻ đẹp của những cung đường trên thế giới thì bạn nên tự lái xe trải nghiệm sự khác biệt đến những vùng đất mới.. Nhất là khi chinh phục các con đèo hay băng qua vùng biển lộng gió.,Để có thể khám phá được hết vẻ đẹp của những ,,Khám phá 6 cung đường đẹp nhất thế giới nhất định không thể bỏ lỡ
"Chiếc xe có chiều dài gần 6m và cao hơn 2,2m đã bất ngờ lăn bánh trên đường phố Hà Nội khiến dân tình không khỏi tò mò.",,,Người dân há hốc khi thấy “quái vật” Mercedes-AMG G63 6×6 trên đường Hà Nội
Có lẽ đây là trải nghiệm đáng nhớ của chủ xe Ford F-150 Raptor,Có lẽ đây là trải nghiệm đáng nhớ của chủ xe ,,"Video: Trải nghiệm cảm giác “bay nhảy”, chủ xe Ford F-150 Raptor nhập viện với chuẩn đoán gãy đốt sống lưng"
"Thỏa sức với đam mê chinh phục địa hình, thì lái xe bán tải như Ford, Chevrolet,... luôn là lựa chọn hàng đầu. Nhưng lái xe off-road luôn là một thách thức lớn, đòi hỏi các tay lái cần có kỹ năng, kiến thức và sự tự tin nhất định, vì vậy đây luôn là thử thách lớn đối với những tài xế mới.","Thỏa sức với đam mê chinh phục địa hình, thì lái ",,Lái xe bán tải chinh phục mọi địa hình: 5 lưu ý dành cho bác tài
Nhiều mẫu xe phân khúc thấp nằm trong tầm ngắm của Mercedes-Benz.,Nhiều mẫu xe phân khúc thấp nằm trong tầm ngắm của Mercedes-Benz.,,Mercedes-Benz “hủy diệt” một số mẫu xe phân khúc thấp
Danh thủ nổi tiếng Neymar vừa trở thành đại sứ thương hiệu cho hãng xe điện Đức non trẻ e.GO. Anh vừa cùng thương hiệu này ra mắt mẫu xe thứ 2 có tên e.wave X.,Danh thủ nổi tiếng Neymar vừa trở thành đại sứ thương hiệu cho hãng ,,Tiền đạo Neymar quảng bá cho thương hiệu xe điện mới mẻ e.GO tới từ nước Đức
"Tesla Elon Musk cho rằng, các công ty khởi nghiệp xe điện mới đang làm sai tất cả. Ông nói, các công ty xe điện đang thực hiện một cú hích quá lớn từ rất sớm và gọi cách tiếp cận của họ là ""điên rồ"".",Tesla,,Tesla Elon Musk nói gì về các công ty khởi nghiệp ô tô điện?
"Elon Musk- CEO của Tesla được biết đến là người ghét hydro, ông khẳng định hydro là ""thứ ngu ngốc nhất"" để lưu trữ năng lượng.",Elon Musk – ,,Elon Musk khẳng định gây sốc:  Hydro là “thứ ngu ngốc nhất” để lưu trữ năng lượng
Jack Ma được biết đến là một doanh nhân giản dị sở hữu khối tài sản khổng lồ và những chiếc xe sang đắt đỏ.,Jack Ma được biết đến là một doanh nhân giản dị sở hữu khối tài sản khổng lồ và những chiếc ,,Tỷ phú từng giàu nhất thế giới – Jack Ma đã và đang sở hữu những chiếc xe sang nào?
MG vừa công bố giá bán mẫu xe sedan cỡ trung MG5 2022 hoàn toàn mới tại thị trường Việt Nam.,MG vừa công bố giá bán mẫu xe ,,Sedan hạng C MG5 2022 công bố giá bán từ 579 triệu đồng tại Việt Nam
"Hãng xe Việt Nam VinFast đã chinh phục giới truyền thông quốc tế bởi ""công thức chiến thắng"" độc đáo: vận hành mạnh mẽ, trải nghiệm lái vượt mong đợi và giá bán hợp lý.",Hãng xe Việt Nam ,,Chuyên trang ô tô Mỹ: “VinFast sở hữu công thức chiến thắng độc đáo”
Nissan thông báo ra mắt xe gầm cao thuần điện với 4 phiên bản chạy bằng điện của mẫu xe Ariya EV.,Nissan,,"Nissan nâng tầm cuộc chơi xe điện với mẫu SUV mới, cạnh tranh Hyundai Ioniq 5"
"Giới tư vấn bán hàng đại lý Mercedes-Benz tiết lộ những nâng cấp mới về trang bị trên dòng E-Class, áp dụng trên cả ba phiên bản E 180, E 200 Exclusive và E 300 AMG.",Giới tư vấn bán hàng đại lý ,,"Mercedes-Benz E-Class 2022 nâng cấp trang bị, tăng giá bán, đấu BMW 5-Series"
"Những gã khổng lồ đến từ Mỹ và Trung Quốc gồm Ford, GM, Baidu, Tesla và Alphabet, đã đầu tư hàng tỷ đô la và nhiều năm cho Nghiên cứu và phát triển (R&D) xe tự hành.",Những gã khổng lồ đến từ Mỹ và Trung Quốc gồm ,,"Những gã khổng lồ của Mỹ, Trung Quốc đứng ở đâu trong cuộc đua xe tự hành"
Mazda3 2.0 Premium và Toyota Corolla Altis 1.8HEV sẽ là hai sự lựa chọn đáng cân nhắc khi cả 2 chỉ chênh nhau 11 triệu đồng.,Mazda3,,"Chênh nhau 11 triệu, nên chọn Mazda3 2.0 Premium hay Toyota Corolla Altis 1.8HEV"
"Người ta thường cho rằng đồ cũ của Nhật tốt, bán được giá hơn nhưng hiện nay một số mẫu xe của Kia, Hyundai cũng có mức khấu hao thấp. Phải chăng do người Việt ngày càng chuộng xe Hàn hơn xe Nhật?","Người ta thường cho rằng đồ cũ của Nhật tốt, bán được giá hơn nhưng hiện nay một số mẫu xe của ",,Tranh cãi việc xe Hàn giữ giá hơn xe Nhật: Santa Fe đi 5 năm vẫn trên 900 triệu đồng?
SUV không phải là dòng xe thuần tốc độ nhưng những mẫu SUV động cơ đốt trong nhanh nhất thế giới này có thể dễ dàng vượt mốc 280 km/h.,SUV,,Top 9 mẫu SUV động cơ đốt trong nhanh nhất thế giới: 280 km/h là chuyện nhỏ
"Nissan Kicks - mẫu SUV cỡ B này rất có thể ra mắt VN ngay trong tháng 6 tới. Hứa hẹn đêm lại trải nghiệm lái mới lạ cho người dùng, nhất là những ai chưa từng lái ô tô điện.",Nissan,,"Đánh giá “xe điện sạc bằng xăng” Nissan Kicks, sắp về VN"
Lexus RX thế hệ thứ năm sẽ được ra mắt ngày 1/6 với thiết kế tinh tế và hiện đại.,Lexus,,Hé lộ hình ảnh Lexus RX 2023 – mẫu crossover hạng sang ra mắt ngày 1/6 sắp tới
Tất cả kinh nghiệm mua bảo hiểm ô tô tiết kiệm – hiệu quả sẽ được bật mí ngay sau đây.,Để bảo vệ cho chiếc xe của mình thì việc mua bảo hiểm ô tô được nhiều người chú trọng. Vậy câu hỏi đặt ra là:,,Bảo hiểm ô tô – Điều tưởng đơn giản nhưng không phải ai cũng hiểu rõ
Mitsubishi Xpander 2022 nằm trong top 1 MPV phổ thông được nhiều người Việt quan tâm trong năm nay.,Mitsubishi Xpander,,"Mitsubishi Xpander 2022 có mặt tại đại lý, sẵn sàng đấu Veloz Cross"
